Age,Income,LoanAmount,CreditScore,LoanDuration,DependentCount,credit_score_band,true_label
58,40743.64387569687,20337.99650406245,546,58,4,Poor,1
48,31117.36937671707,19241.64750188165,749,12,1,Excellent,0
34,67832.01511478309,15407.815174921829,784,28,0,Excellent,0
62,49380.373541288405,21532.78730882174,317,13,0,Poor,1
27,52609.494937543546,10477.426555052836,588,40,0,Fair,0
40,63618.079208636416,13484.535278026538,713,31,2,Good,0
58,49868.14165544967,10611.787901202126,534,17,1,Poor,0
38,56771.16797971248,18912.467473503108,715,19,1,Good,0
42,62237.774307336345,12086.815628502742,798,40,2,Excellent,0
30,58501.3389037824,14143.754122814573,414,59,0,Poor,0
30,54289.70249282425,18088.351841328746,533,44,0,Poor,0
43,76746.69253062585,18491.24956888908,839,14,4,Excellent,0
55,68629.55897014785,10464.368268723749,310,46,3,Poor,0
59,48713.5524615075,20283.276418863963,505,16,1,Poor,1
43,36354.60574777321,17278.448343336255,546,38,1,Poor,0
22,59579.35474756466,9591.485802097992,426,55,1,Poor,0
41,53237.90972283508,8361.420521216936,446,23,3,Poor,0
21,75634.9349478325,14920.90144868966,417,31,4,Poor,0
43,64812.395085510834,19250.46994658405,681,56,3,Good,0
63,61463.06582002862,19378.579312004906,711,31,0,Good,0
49,50194.27306931142,16780.834386124214,662,20,0,Fair,0
57,36864.518874991365,15243.37419163413,808,50,1,Excellent,0
21,47030.55546948027,17558.688345395025,436,15,2,Poor,0
40,57152.42141486165,10723.347428053708,474,30,1,Poor,0
52,24056.29860486281,23434.93931512696,588,49,2,Fair,1
31,68625.70939478517,23369.692090612603,780,38,3,Excellent,0
41,81005.66002627069,17144.06157310349,318,56,0,Poor,0
63,20825.910644438754,15986.50209996426,494,54,2,Poor,1
44,28996.766734796965,12942.895136703148,629,24,3,Fair,1
68,53444.9369634971,17643.744228998305,474,24,0,Poor,0
46,41261.28626547599,11543.413144916116,748,33,2,Excellent,0
61,53913.5965074751,3881.939845022347,653,39,1,Fair,0
47,48924.889451638446,1429.463497544568,798,58,1,Excellent,0
35,34642.722207664185,11002.508334182568,440,56,1,Poor,0
34,69326.09510267734,15781.890614591388,392,33,3,Poor,0
66,56967.74907864274,16659.858669767415,538,54,1,Poor,0
63,41603.87037907592,12566.214957453576,504,30,4,Poor,0
22,72575.37671991231,15709.175835714515,732,19,0,Good,0
56,42373.91067659371,13628.858214727345,544,19,3,Poor,0
26,31372.392249417,10003.436211749313,616,53,1,Fair,0
40,52752.67734631604,14731.277455154372,594,37,0,Fair,0
28,55297.36434833999,19064.78556182825,581,59,2,Fair,0
58,57978.75338328269,10229.691261268388,316,37,1,Poor,0
37,60445.26689978731,10231.97693490151,370,34,0,Poor,0
23,57741.87092866536,9653.74703023921,568,54,4,Poor,0
44,57132.404621737616,5317.406327459421,624,24,2,Fair,0
33,41393.692995377525,12598.988129264906,604,39,4,Fair,0
69,39788.83588144169,18570.430564762653,750,20,0,Excellent,0
28,61135.47374388677,15869.580419168811,306,31,4,Poor,0
45,53651.84766049832,14153.745579718468,613,30,0,Fair,0
21,62303.68609229384,15645.323991200845,402,59,0,Poor,0
39,24390.842665586024,12555.09256285421,492,50,4,Poor,1
47,42488.204263736094,5260.566813682639,828,23,0,Excellent,0
66,78605.28352865833,18918.593909072828,470,26,1,Poor,0
26,58287.9972852116,20355.622868923256,836,42,0,Excellent,0
63,54433.25676468729,11359.216119661063,550,25,3,Poor,0
27,60618.86550454512,14245.821896967222,686,22,0,Good,0
66,83126.75788799272,13815.0041446992,506,37,3,Poor,0
54,79970.74313430542,16756.444047122706,840,53,0,Excellent,0
33,26307.18864031109,23449.46728313145,715,38,0,Good,1
36,31842.482613959477,20798.956226446528,679,22,4,Good,0
55,25798.84016673812,13115.42887293052,443,49,1,Poor,1
69,38793.38166589606,17712.319307501184,324,45,1,Poor,0
59,50823.78947978385,21271.784342863564,372,54,2,Poor,1
23,53630.22716101695,17041.72582197389,392,30,4,Poor,0
21,27042.81885219121,14976.50297779914,804,17,4,Excellent,1
25,21989.72260446336,17230.00047333593,635,57,1,Fair,1
61,38528.12919566824,11483.642387182634,724,49,4,Good,0
23,63742.56898406932,12213.594379479597,798,53,1,Excellent,0
48,66355.44367540468,9679.828823994514,663,39,4,Fair,0
37,75587.37289006528,16535.322582851215,498,12,0,Poor,0
45,49515.046236123286,14342.985469888808,712,46,1,Good,0
63,62422.30235585158,10884.409693259602,638,51,1,Fair,0
53,65148.4244157449,14179.102941897474,728,19,3,Good,0
29,42547.11450991068,17349.99130381585,438,58,4,Poor,0
55,55817.67322295699,24573.56152998996,841,18,4,Excellent,0
33,59880.57688564631,20060.339323519293,356,22,1,Poor,1
50,36362.635743723135,3579.2607125882987,531,50,0,Poor,0
67,74631.44256661166,16196.542334101729,734,15,0,Good,0
34,49417.8157591996,22146.621313564272,683,36,0,Good,0
27,51305.52842220009,8310.632543948837,493,23,4,Poor,0
33,35789.87930086813,17757.79635106212,833,37,3,Excellent,0
42,38308.607061837,13816.78907234477,817,49,1,Excellent,0
59,17052.280987519865,20751.452654580804,484,57,2,Poor,1
40,50827.33814627918,17021.28597506726,591,23,3,Fair,0
35,87585.33814462958,10579.922727203968,634,54,2,Fair,0
64,34720.70827843269,13995.7426085469,415,48,3,Poor,0
37,94642.95392232458,14291.521619761885,348,57,0,Poor,0
66,71213.76893918621,14384.108925949751,381,35,4,Poor,0
43,42896.168285343374,20596.314723876312,632,27,2,Fair,0
45,50408.97057228318,10786.90039304885,634,24,3,Fair,0
44,47973.49538127594,20015.25654830592,831,36,4,Excellent,0
64,75592.45960096567,13488.7516203924,520,15,2,Poor,0
60,57755.235951769406,16117.555531645825,622,22,1,Fair,0
48,67729.61072932722,15361.88793140517,302,43,3,Poor,0
34,55372.57768042023,14890.973309590829,505,18,1,Poor,0
64,48320.41219108074,14931.98582777339,339,57,0,Poor,0
20,54896.35047606072,22286.792791355103,358,22,1,Poor,1
44,43895.83649191878,19212.249624530723,806,39,1,Excellent,0
26,28216.93934793653,13186.42155210035,421,52,3,Poor,1
28,62205.32863934976,22913.93627061046,778,34,0,Excellent,0
43,27482.533274853697,16373.405369964265,395,56,1,Poor,1
20,45967.48734807237,16788.121296619473,713,34,4,Good,0
63,43402.03568576874,10813.404603343042,534,39,2,Poor,0
27,59650.308965811055,12512.5067079743,361,54,1,Poor,0
43,73470.56877400294,11557.48246036412,555,58,0,Poor,0
30,68074.55970951123,15430.364324968376,647,37,1,Fair,0
36,60086.3752834264,18193.91539724105,423,36,2,Poor,0
27,40551.92531568827,16836.16149711107,781,40,0,Excellent,0
54,47247.96269605304,22940.22078034791,616,30,3,Fair,0
54,45060.89439416273,10561.209973943824,803,44,0,Excellent,0
52,42945.77829905834,15574.34521769441,347,47,3,Poor,0
24,43963.23337059744,8585.303353508527,708,25,0,Good,0
61,43562.92947398614,10390.645141983689,435,25,2,Poor,0
58,42898.60710949256,21322.89188669232,500,46,2,Poor,1
60,64278.24527042831,12684.175667642672,549,41,0,Poor,0
47,34180.44666700862,10983.181019698644,613,39,1,Fair,0
26,39057.88846544254,4350.1156220852645,667,28,2,Fair,0
28,26248.89918440732,10933.226761055412,728,14,3,Good,1
27,71232.24203766274,13973.598629025106,779,27,3,Excellent,0
31,38052.45562013619,8212.985201068946,613,57,4,Fair,0
53,59911.628475832105,13686.083055087656,799,41,3,Excellent,0
52,57129.782903184605,21353.15530329112,654,40,4,Fair,0
67,69782.57931636156,11463.473298358336,784,56,0,Excellent,0
42,46849.74952437359,10283.08475315032,510,26,0,Poor,0
43,35786.90319071132,9380.492665674534,343,57,0,Poor,0
56,26663.750361925573,9291.179537421,840,36,1,Excellent,1
54,8230.465328268496,17677.887234442147,391,49,1,Poor,1
63,52420.29838818354,15243.343684415251,564,53,4,Poor,0
59,61632.08858733372,19784.284396377872,519,58,3,Poor,0
41,57075.32157796761,25099.18945827128,741,49,3,Excellent,0
46,27053.535452407883,5848.04434045426,700,34,0,Good,1
54,65582.39217667893,16900.393542208865,699,36,2,Good,0
20,39526.75957526971,9406.903327832202,789,53,1,Excellent,0
54,36396.447587873685,18944.496490167254,784,18,1,Excellent,0
56,39190.51647045225,13640.43999463282,769,33,0,Excellent,0
66,51176.13383759116,15136.613804320868,744,28,1,Excellent,0
33,27729.47642724392,8584.11286035096,568,29,0,Poor,1
22,49444.46129421323,12867.864874434164,566,52,4,Poor,0
20,56441.72368075504,15448.311255541295,353,21,3,Poor,0
24,66609.85844365423,21780.390734033543,827,21,2,Excellent,0
45,52639.34985831866,11027.197362957228,819,18,3,Excellent,0
33,29905.57252709313,12246.542142348437,358,59,3,Poor,1
58,52233.35341478336,19721.448210911407,339,49,4,Poor,0
46,34096.1258908082,10703.298581503446,536,38,1,Poor,0
28,33230.82265449574,20711.92571987063,685,44,2,Good,0
34,29559.445946900312,14954.56712636872,599,12,1,Fair,1
34,21331.19480158964,16515.614807959217,694,55,3,Good,1
45,41492.55248096908,16837.611512546853,506,45,0,Poor,0
61,66933.33114570362,11918.89723296696,635,15,3,Fair,0
32,83847.26023141312,16949.434097361976,813,28,1,Excellent,0
51,41396.22262489859,11138.151078428498,477,15,3,Poor,0
58,66291.58290154484,12489.4849795056,695,54,0,Good,0
68,44081.26522645108,17793.454830166378,670,37,4,Good,0
51,25238.96420827158,16466.969778209514,617,15,1,Fair,1
23,60514.13392169116,14625.17524580476,668,12,3,Fair,0
49,53522.2113019335,8706.341753684947,683,18,1,Good,0
56,77270.29411941674,9954.20855325185,361,41,4,Poor,0
42,26979.822770258663,16383.545219524924,804,20,3,Excellent,1
58,91940.49062502915,18660.70281742558,538,46,3,Poor,0
64,73875.75984782234,9451.772477396216,494,19,1,Poor,0
34,49731.14639657219,10800.873762739162,521,35,1,Poor,0
62,45520.43312302223,15670.925870888595,360,30,0,Poor,0
48,39262.85196697074,15563.939313145467,428,47,4,Poor,0
55,51645.98958781689,6880.213956194794,455,54,0,Poor,0
32,47240.957668865325,15807.815067199945,677,38,3,Good,0
51,57706.931203709166,12008.160948848908,736,43,1,Good,0
26,45584.50008472541,23205.23314864479,506,25,3,Poor,1
41,71224.45537244994,16245.99271367828,687,29,3,Good,0
47,51875.6904674967,17107.367249379513,779,39,2,Excellent,0
21,46147.74458111402,17236.796510953056,639,40,2,Fair,0
61,65364.29872669085,8930.36309673718,639,27,3,Fair,0
64,25662.14554703372,24719.38446554301,503,46,1,Poor,1
25,55114.82528415701,6885.443762744133,460,58,3,Poor,0
47,50383.5700461415,18978.51570849871,839,42,2,Excellent,0
47,28837.24204391326,18093.319687403247,691,15,1,Good,1
63,24372.450806472385,12614.9881004352,833,48,3,Excellent,1
63,65155.17504412367,18332.251583566947,369,28,4,Poor,0
39,64441.8603552604,13412.134005881311,704,50,4,Good,0
49,52588.37644451539,11622.692775721109,816,59,3,Excellent,0
30,75749.86664682085,17347.79584676464,419,57,1,Poor,0
47,56614.52272791903,9967.195044560489,516,37,3,Poor,0
44,68747.07979116823,13878.724206212151,355,59,3,Poor,0
58,56304.86880776781,12029.116256350211,665,50,2,Fair,0
52,45862.856515970125,13320.102452135276,803,52,4,Excellent,0
20,34137.031228499865,17163.64299565092,754,15,2,Excellent,0
46,40948.45617645856,12028.16813826897,403,41,2,Poor,0
32,46143.165931291725,14038.380434638177,376,41,3,Poor,0
60,70447.29653160057,12484.273740492092,529,33,2,Poor,0
22,61548.79337794495,22219.98332787273,557,22,4,Poor,1
58,54954.786023639244,16713.06199106945,563,13,2,Poor,0
25,63050.14861346112,16100.348164833596,630,55,4,Fair,0
27,57910.75573538724,18417.09252311712,481,23,2,Poor,0
46,53929.0641666024,12029.327116125569,849,41,4,Excellent,0
28,27520.10897739568,19296.2861249992,326,47,2,Poor,1
56,67087.36359292515,16730.888729163707,575,29,2,Poor,0
52,43122.322287102856,7195.545486229673,598,37,1,Fair,0
61,66328.10416433816,7859.845834496176,390,18,4,Poor,0
63,67778.15437266334,12138.514736079673,779,12,4,Excellent,0
43,39949.4120966698,8394.967520674149,757,37,4,Excellent,0
34,64245.74120893906,13808.607696502084,750,34,0,Excellent,0
51,44585.18781116152,9931.31004292068,664,37,2,Fair,0
51,44674.515085299136,14511.384734645406,650,56,4,Fair,0
43,53862.09851873987,22058.54687965728,699,17,0,Good,0
60,54267.08883754311,14753.115482219077,552,17,1,Poor,0
68,50578.27273026338,13485.177725490355,758,55,4,Excellent,0
68,29985.67976666065,16941.21323892672,798,19,4,Excellent,1
31,48178.30040773491,11517.901035386982,807,35,0,Excellent,0
58,84177.1809228261,19217.07154698,603,33,2,Fair,0
21,8239.936567969671,17476.06476562056,800,30,1,Excellent,1
22,63046.10660342619,15194.32781024282,465,48,4,Poor,0
68,65856.87400034463,15771.579158167931,714,29,2,Good,0
56,29624.78421070772,25208.72955281426,761,42,1,Excellent,1
68,42958.416298856806,19711.56105133934,413,48,3,Poor,0
36,34989.242630849825,25997.63315580667,732,41,3,Good,0
68,77809.48065967819,17660.15096646226,655,53,1,Fair,0
21,66545.37900166673,7641.542786646559,506,44,0,Poor,0
21,67271.38061697099,13689.131485680797,534,21,1,Poor,0
47,51809.70838992193,6498.97562725967,741,48,1,Excellent,0
42,69681.37924624464,17641.515173334592,654,23,0,Fair,0
56,49876.45149406883,18727.02098672701,814,41,0,Excellent,0
51,70387.36440815838,10570.420020203605,507,38,2,Poor,0
52,47769.55363831669,11721.818101765732,424,50,2,Poor,0
20,39811.37124929841,15743.754481176076,437,20,0,Poor,0
38,77164.25399497915,9009.47968367891,638,32,3,Fair,0
21,49687.26859002296,8634.201153787335,836,23,3,Excellent,0
63,36518.00137636304,21193.160240205605,367,40,1,Poor,1
45,36355.491537650414,15573.553090819842,840,44,4,Excellent,0
51,36401.31990471439,12209.45321147022,682,54,1,Good,0
25,62666.635265440535,6539.405557213904,318,26,1,Poor,0
51,48517.05684432176,19261.75678447236,749,13,4,Excellent,0
23,84469.38463995623,11577.408938915154,373,50,0,Poor,0
30,67792.67273486182,24303.42222935269,575,55,3,Poor,1
36,53857.07195140957,19296.550488467223,347,29,1,Poor,0
57,71058.46311797424,10959.290727963657,510,14,4,Poor,0
43,42567.38995295775,11422.641514342642,839,18,2,Excellent,0
24,22178.212937610413,23609.25581472166,490,54,1,Poor,1
53,35156.2541363789,14578.702765827476,614,29,3,Fair,0
25,52208.11744054404,12433.44385838315,412,55,0,Poor,0
41,46661.877917432896,15138.60844238285,469,49,1,Poor,0
30,62366.23082386191,12410.436749731049,767,48,1,Excellent,0
67,48130.79327984796,16205.242385540823,313,44,4,Poor,0
35,61220.52088942588,14620.881892408685,587,55,2,Fair,0
52,72514.57445846434,19377.539902557543,488,42,2,Poor,0
28,48084.56224083842,13057.129483804369,454,22,0,Poor,0
25,58327.17933066682,10575.918166551764,770,15,3,Excellent,0
35,23678.19739137149,13255.076516882073,374,29,0,Poor,1
48,48141.59031889161,13224.58050887977,576,15,1,Poor,0
22,31520.62811380968,14612.330924030031,642,45,1,Fair,0
39,52178.40165694021,18172.701440286124,724,40,2,Good,0
55,53539.99635015996,17899.5448373596,810,35,3,Excellent,0
38,53490.14536870692,20998.29337929284,481,33,4,Poor,1
45,42798.1611530556,10942.55161133238,757,13,3,Excellent,0
22,84477.03292602251,16943.600615255542,363,55,1,Poor,0
38,30979.677325353976,18636.59923510357,559,17,4,Poor,0
39,30062.81259257726,11628.89796844068,492,53,3,Poor,0
51,74824.67563604878,13961.844735088103,705,36,3,Good,0
26,39435.8130411516,6250.110628906015,392,32,4,Poor,0
60,35829.639686953546,19534.288475628677,729,27,1,Good,0
52,84543.6784658467,13922.508988400654,733,42,3,Good,0
59,64785.840752353455,19032.820883405,703,25,4,Good,0
58,41083.03177792667,16030.247589397566,733,50,1,Good,0
37,53262.61858540341,14074.173855125631,411,39,4,Poor,0
59,79188.06927241526,7035.986003237571,674,43,4,Good,0
20,60374.31021426301,7925.2369464178,358,39,3,Poor,0
30,69292.22682659664,2034.269078291289,342,20,1,Poor,0
47,62072.04768100708,12186.93258585672,506,56,3,Poor,0
44,63953.80018930312,26391.24351590624,595,33,0,Fair,1
69,50596.12543865641,8560.263052410002,417,43,0,Poor,0
42,50170.22718464329,1842.8405829004696,831,16,1,Excellent,0
50,54005.755780226806,19813.34459792766,521,34,4,Poor,0
49,61016.792111754505,26818.589346483503,465,16,3,Poor,1
61,45750.2702625108,16489.605326299014,455,53,3,Poor,0
54,51830.80901754507,16443.6619735998,483,43,1,Poor,0
26,45344.81576066022,13450.589631781244,389,21,1,Poor,0
35,51735.27232991794,6028.713847449701,393,50,0,Poor,0
45,31235.055035272293,7746.440411282618,312,26,2,Poor,0
67,89089.66200439277,13416.233353007408,737,18,1,Good,0
68,39005.898218316855,12457.723299851285,837,40,2,Excellent,0
21,44578.08912860853,14424.13536115029,449,58,1,Poor,0
20,37711.03409667796,19146.624119640797,307,14,4,Poor,0
67,59235.6312374681,12090.810840414895,328,30,4,Poor,0
31,47059.96053136503,19248.58378202305,595,21,0,Fair,0
24,35542.88734854173,12123.55145048615,639,39,0,Fair,0
56,59853.25049336514,20191.197964328785,738,40,2,Good,0
51,61874.73721884187,15431.837835367118,443,26,1,Poor,0
28,48996.855132841,12820.84829539244,818,46,3,Excellent,0
60,40045.61072926885,15346.470302744448,344,17,0,Poor,0
54,82865.99008339577,13532.305789212169,538,23,3,Poor,0
38,55101.01445787847,15565.671188399858,454,58,3,Poor,0
67,30888.965225700143,18790.53099258736,480,49,1,Poor,0
35,71210.60691504151,14563.92200792175,514,24,2,Poor,0
22,37163.37875881144,13152.155735731094,387,40,1,Poor,0
39,91128.17510404874,9382.418975445851,555,30,0,Poor,0
43,51194.8678629138,17895.890096458574,810,14,3,Excellent,0
52,65199.7405408303,16741.361132013626,372,19,1,Poor,0
43,18799.736587296484,9090.285745362396,478,19,1,Poor,1
30,30737.886738650555,19177.471389603805,511,31,1,Poor,0
68,70007.89429641073,9009.07983698832,533,58,0,Poor,0
27,54767.22598443706,20146.108956169468,764,15,2,Excellent,0
55,80635.94634071109,18439.316635935087,522,32,1,Poor,0
57,57277.62657844384,17098.327612990346,563,14,0,Poor,0
59,52179.4435961156,13115.02420416482,506,56,3,Poor,0
39,75703.60986233308,17878.898913332265,665,19,4,Fair,0
54,65152.054988381664,20381.859976205906,575,34,0,Poor,1
67,47056.08201085566,17961.759605540865,679,27,4,Good,0
44,33588.438492523295,11648.749891368812,608,24,1,Fair,0
54,14425.765028517591,16337.03491177732,567,14,1,Poor,1
44,43435.01495295942,20660.17493147518,363,59,0,Poor,1
48,32204.97357167942,25995.49090278352,649,20,4,Fair,0
37,88965.56964851575,13973.93512750402,793,25,1,Excellent,0
65,40244.4358389496,19289.415530657152,822,24,3,Excellent,0
37,39834.36491562433,20672.402600421592,397,18,2,Poor,1
21,27181.32688117032,10937.97500505118,370,26,2,Poor,1
54,46005.24007215945,23910.39159030741,663,18,1,Fair,0
35,40031.97605536681,9674.076579582772,575,49,4,Poor,0
60,76065.9414311669,19044.92757516488,349,45,1,Poor,0
55,52527.14239122477,16526.59889773533,657,52,4,Fair,0
52,49867.03966015434,15277.8777999908,784,33,3,Excellent,0
23,47979.90868876103,27734.166407243218,383,35,4,Poor,1
52,61792.62380283803,13493.723823365994,595,48,1,Fair,0
33,43215.07751548249,13413.272036356955,535,55,3,Poor,0
40,60008.09140297757,21657.39403698897,355,12,0,Poor,1
67,74209.54731091167,18809.01889043392,659,21,2,Fair,0
39,56901.1251544947,21410.494604792773,409,54,1,Poor,1
27,46254.030757622975,15584.346911705568,491,27,1,Poor,0
26,35698.11243542148,16584.713085060816,392,57,1,Poor,0
22,45873.14020479388,24504.67806497287,359,19,3,Poor,1
36,58446.183109588565,10820.22960209652,338,36,0,Poor,0
52,27012.08987124018,14485.614779541698,839,23,4,Excellent,1
67,62473.14136563924,18991.270357127225,348,36,0,Poor,0
31,53114.19032342097,14020.695899560813,719,28,3,Good,0
41,47762.16260361922,12149.270603584822,312,37,1,Poor,0
41,40108.79882823497,18092.42256393261,335,57,2,Poor,0
65,42854.33448545949,21679.02833245747,400,59,1,Poor,1
49,58959.590621979616,14295.828185970717,385,25,4,Poor,0
57,48076.827108573336,14157.051895946255,815,52,2,Excellent,0
57,42482.90049082145,11761.559871582846,522,47,1,Poor,0
64,57028.45240057284,13520.115782971328,637,34,2,Fair,0
27,57622.84666238196,20418.030399150928,465,54,0,Poor,1
46,31262.374080139285,15405.314353468284,682,17,3,Good,0
46,58572.21044865477,10975.04669534856,675,58,1,Good,0
53,87525.47319290665,16311.811901618314,770,16,4,Excellent,0
40,57044.31184063257,20255.970054930203,330,54,0,Poor,1
49,24514.891927344983,12190.571682262856,674,36,1,Good,1
52,52660.63087759319,8356.973902022182,310,29,0,Poor,0
47,22537.76938709473,25954.12579936376,601,24,4,Fair,1
66,97510.5750809624,8107.353249783764,395,54,1,Poor,0
52,83535.12030476712,13204.88718072107,489,25,4,Poor,0
24,40010.92275806906,16160.642559293348,752,39,2,Excellent,0
67,16314.99201509246,13637.861493778544,491,29,4,Poor,1
38,36824.43219360824,14625.445776724906,785,39,2,Excellent,0
23,47285.13891590414,17884.19083937297,565,38,1,Poor,0
54,23572.04386940392,3041.391711436032,723,43,2,Good,1
68,48964.66227505659,8665.527642380745,427,58,1,Poor,0
36,47186.32003594623,15221.296930351646,537,20,1,Poor,0
63,51877.32045594333,12978.91494013195,654,51,3,Fair,0
47,53444.6776540697,15647.056291377989,411,43,1,Poor,0
49,35515.73600184273,16138.266413156522,745,31,2,Excellent,0
48,37198.78940375519,4420.400022645039,642,39,3,Fair,0
65,50683.88246705075,21368.201660758237,444,44,3,Poor,1
25,40535.11805189079,12508.660584498251,364,15,1,Poor,0
54,63612.42152625884,10672.434076119967,546,57,4,Poor,0
60,50538.418246515495,16041.776479796396,789,45,4,Excellent,0
56,77975.04850996211,15535.801138911216,738,59,3,Good,0
43,62307.23657406839,20983.45408827319,405,14,1,Poor,1
48,66555.70804085897,16359.365813850083,480,37,4,Poor,0
68,51988.49101947179,20790.554240121503,483,19,1,Poor,1
65,52360.42251935445,10309.113122861472,525,17,1,Poor,0
50,75969.80869863766,15709.305276037496,388,27,3,Poor,0
54,44325.60674694456,9426.261463375557,829,35,3,Excellent,0
52,58201.69031247859,15488.379277801398,670,59,0,Good,0
40,46006.43701757814,14428.560221990572,698,50,4,Good,0
51,45970.459124190456,14213.512873995483,405,41,4,Poor,0
42,32466.5560138742,14257.362238191836,570,56,4,Poor,0
52,38862.28473714589,18681.947350922987,802,24,2,Excellent,0
22,36075.95822875324,6963.201714987102,824,16,1,Excellent,0
37,58915.53213384754,10501.060686079138,331,36,3,Poor,0
44,65603.08892335494,14797.140866274123,692,31,4,Good,0
61,48578.699396323966,9106.68455264375,339,29,0,Poor,0
50,53444.4189524548,15230.57053100522,517,58,4,Poor,0
22,47712.929673423554,14745.737393794629,381,29,1,Poor,0
59,37838.36120160522,7981.216774737084,500,13,1,Poor,0
65,62933.94537195318,7734.174268728612,746,21,3,Excellent,0
43,59788.020406392185,1881.058822253672,727,56,2,Good,0
69,21611.810220440544,8896.649751590436,337,58,3,Poor,1
51,45753.3649814712,15071.616291053,510,23,4,Poor,0
66,36769.589881888576,15780.939114704388,743,58,0,Excellent,0
41,44135.92145502162,16009.497798142254,626,24,3,Fair,0
42,39943.526494306105,11110.405936663095,526,58,2,Poor,0
21,49303.694438879,14908.482579892552,347,22,3,Poor,0
46,45051.27897299789,16986.223046207266,317,30,1,Poor,0
61,44732.88959268742,8659.822252494236,738,46,4,Good,0
21,66610.8264250807,15616.6453719527,486,50,4,Poor,0
45,58357.67991003873,18282.406059175457,644,37,4,Fair,0
36,39441.5802454935,12546.139350885596,523,57,4,Poor,0
59,41666.79900779868,20311.171651748016,787,25,4,Excellent,0
52,57376.89583099419,12662.82828087515,528,56,4,Poor,0
28,57356.293575541495,10699.695724384625,689,55,0,Good,0
62,40943.296414068966,17784.205892764603,487,35,2,Poor,0
67,46490.13999646753,25166.46884733228,569,52,4,Poor,1
58,77702.09060130452,15426.768094439043,609,12,2,Fair,0
48,41201.778672179855,18174.5390205686,431,54,4,Poor,0
61,78662.06882688178,12456.41389451078,371,33,3,Poor,0
45,66555.00413788707,8791.91890101986,486,34,4,Poor,0
54,75881.24412583199,15831.328229503668,785,30,1,Excellent,0
69,40563.920418958565,16621.999858939555,490,29,0,Poor,0
44,47471.66188905858,13210.444548094189,721,23,3,Good,0
43,43262.54286836656,18155.28259010753,419,39,3,Poor,0
32,66901.29787889303,11729.5999509284,519,39,1,Poor,0
26,41484.74340991866,10489.56867074129,352,44,4,Poor,0
55,60968.232400143104,20303.214652430823,750,30,0,Excellent,0
64,60174.49116788062,20326.738132708157,711,39,3,Good,0
39,49279.55703928735,11828.284470821607,536,48,0,Poor,0
20,69479.89601246503,23594.25245202411,705,37,3,Good,0
27,51615.19804589907,13564.466537348751,721,46,4,Good,0
65,62511.28577912455,15423.914323219791,546,45,3,Poor,0
35,42579.44946623327,14576.73729075786,371,46,3,Poor,0
33,39148.44778839762,17618.8010872284,484,51,2,Poor,0
31,60967.18293886412,16357.107469004712,305,27,4,Poor,0
42,56462.60366500622,16289.810807908289,505,49,1,Poor,0
34,53649.61496192549,9902.19184140057,843,24,1,Excellent,0
47,44844.674780933245,6557.188416051578,686,34,4,Good,0
53,73238.14214789456,20710.80014126431,375,33,1,Poor,1
21,33251.2129361923,12272.77000530128,476,27,4,Poor,0
51,32429.85485403542,14754.83313283261,648,39,1,Fair,0
42,64132.49757745744,16633.994549448904,554,59,2,Poor,0
41,62901.445762146046,23145.04801674634,607,46,1,Fair,0
44,55306.44168487802,15806.78962321254,644,56,3,Fair,0
41,45680.71667145791,13026.012185379514,426,57,4,Poor,0
41,57536.33193785618,12382.278093565714,586,19,0,Fair,0
68,75812.45445679301,14813.215793790308,786,55,0,Excellent,0
61,87733.19311811338,10453.176151796935,682,33,4,Good,0
25,25153.79441787265,15144.37861574505,705,32,2,Good,1
34,43716.1982112718,14739.901557709927,687,37,1,Good,0
62,42773.401055227405,23207.634743220755,824,51,2,Excellent,0
56,74397.79207549524,14581.994307045396,575,32,0,Poor,0
52,12780.575201521977,5377.559194755751,799,36,4,Excellent,1
27,57707.52789598319,28367.554851982397,636,52,4,Fair,0
63,46147.845373714496,19784.16865578049,780,12,2,Excellent,0
63,74571.6912432146,25411.743720477923,572,17,2,Poor,1
24,72515.5826000669,9213.400065077578,357,34,1,Poor,0
58,55482.60102240039,13890.86609371854,627,34,3,Fair,0
23,26304.15393932305,18372.0062074716,408,54,3,Poor,1
25,41391.657764973,17681.956861422295,578,54,1,Poor,0
64,43034.13385079392,16534.68853679776,627,34,3,Fair,0
51,30103.17808319803,4001.946407497229,614,43,0,Fair,0
49,67318.76422789056,6437.802712178431,773,41,3,Excellent,0
66,28198.60254088391,22587.60054531936,410,24,1,Poor,1
54,79479.91262680569,23476.64766434845,528,54,3,Poor,1
59,79442.33951068188,14466.743542818022,796,29,4,Excellent,0
35,44224.09607210741,21952.13737203191,455,34,2,Poor,1
32,54927.43055194724,9883.861169283511,772,26,0,Excellent,0
69,48915.74782894364,11027.869732656596,571,44,4,Poor,0
61,63527.37200542536,9488.598390684252,301,32,4,Poor,0
49,69120.16007847138,10750.40227155677,810,50,1,Excellent,0
38,53869.95488180099,18613.48004761309,585,34,2,Fair,0
36,57036.75064671594,10688.23813468278,312,38,2,Poor,0
38,40690.93604090725,26198.71519963932,797,56,0,Excellent,0
47,56550.70950335508,17300.35303173719,537,55,1,Poor,0
45,52441.43118385971,20422.63523247544,393,29,0,Poor,1
56,36323.08266872965,17449.702914000365,637,35,3,Fair,0
45,49789.44335985333,21071.3482522964,470,58,4,Poor,1
42,44252.2622302089,10660.000002307264,766,51,0,Excellent,0
28,40857.56627272912,22234.667690997783,442,53,4,Poor,1
31,32802.63188600648,15704.694427957184,500,18,1,Poor,0
20,50937.54099874214,21046.33055484369,479,59,3,Poor,1
20,38292.889905119846,7802.179733119079,663,31,1,Fair,0
66,42933.37741545951,15902.916033041814,778,38,3,Excellent,0
53,66126.86412825933,15726.193583908323,770,17,3,Excellent,0
51,59481.74151902567,11903.817675102791,683,38,4,Good,0
67,35318.5002820812,16565.59414873632,716,20,1,Good,0
44,55278.36601859654,22698.03424000757,607,56,1,Fair,0
59,51991.71047396233,11519.238205184394,666,42,0,Fair,0
64,75525.4431280019,19809.27178102469,300,32,1,Poor,0
20,70747.17501308411,9362.884719267458,343,37,0,Poor,0
35,26993.769114352457,25547.22297321229,397,51,2,Poor,1
58,62916.91503437902,18923.001592183544,564,59,2,Poor,0
24,68977.95877435549,23625.58666129286,439,56,2,Poor,1
41,58390.38813092497,18360.30259546884,780,24,1,Excellent,0
48,44968.81784458714,16953.065888646808,536,34,1,Poor,0
22,86200.90872675704,18964.664702429596,371,31,0,Poor,0
31,59771.139213905335,14317.762683229144,489,48,3,Poor,0
45,79648.16410592341,6910.83047220839,567,39,0,Poor,0
35,70272.17644210262,17236.996732333962,620,28,2,Fair,0
56,56962.01990334956,11222.483327001226,406,39,0,Poor,0
41,41304.48632789559,9491.690423102988,531,52,3,Poor,0
48,49638.42682771248,18181.46584219305,341,13,1,Poor,0
33,46671.313208096704,13604.45762550153,438,36,0,Poor,0
47,31782.215665260952,20138.52203302845,572,52,2,Poor,1
24,59754.22362439554,11055.296156204648,780,17,2,Excellent,0
66,73510.29502939113,12645.855117430869,715,22,1,Good,0
68,45525.447581728295,20751.480131506967,805,49,0,Excellent,0
49,82454.84748837106,16399.213304988043,723,17,3,Good,0
65,26636.258212073997,7613.359795469301,706,56,1,Good,1
24,65815.45322580806,16288.804414300555,689,22,0,Good,0
31,75072.80353108115,22406.19274294402,641,25,4,Fair,0
35,46939.54128528409,12607.112776892664,792,13,2,Excellent,0
45,47209.15242285679,17990.288482264543,491,51,3,Poor,0
45,65641.47763766602,10753.065424220476,798,14,3,Excellent,0
67,57589.86664939302,14316.083625152854,532,46,3,Poor,0
40,20038.8298481074,20449.177682252168,526,44,2,Poor,1
58,37349.40268190929,16096.158338774869,670,35,0,Good,0
55,49796.7567792881,21446.349313578183,438,30,1,Poor,1
52,29454.527304724,17126.512021139308,448,29,0,Poor,1
49,42887.385253551445,26093.69838600421,414,35,1,Poor,1
56,29829.718621340988,7175.433153903653,749,56,3,Excellent,1
42,44447.44054169914,13914.033249695176,362,46,0,Poor,0
29,44950.65909018259,9577.331033539744,403,12,3,Poor,0
24,55276.3201489057,9918.754127708751,572,47,4,Poor,0
55,48623.61014000749,9964.0815309698,305,36,3,Poor,0
53,57541.84581561134,15838.6291102561,446,56,3,Poor,0
50,55753.16011210882,16131.504674109336,483,54,1,Poor,0
29,65470.09991396466,17137.27962497558,327,45,4,Poor,0
38,63106.74561440173,9384.69719927724,849,36,3,Excellent,0
51,61521.85752702075,13378.875905008548,418,27,3,Poor,0
20,96573.01142700083,10178.52680121816,592,45,4,Fair,0
24,55211.03954963493,19679.40778135858,670,40,4,Good,0
64,88903.57255788293,10648.662249095132,543,30,0,Poor,0
23,56183.276033659,13931.439240020592,517,34,1,Poor,0
35,48757.23627791162,17801.532206615528,476,30,4,Poor,0
43,44402.52226680204,11921.856627512176,598,36,4,Fair,0
35,72645.88697672644,18469.39222490327,357,27,2,Poor,0
21,74607.55089331907,22980.398677665744,568,20,4,Poor,1
68,58996.75783947093,15948.558643627626,607,12,1,Fair,0
47,67003.20161754059,19508.05457284204,587,53,3,Fair,0
51,30841.69301115375,4632.895555318086,404,30,3,Poor,0
46,26768.302662316823,12854.740365760746,527,44,3,Poor,1
39,68694.90328696181,15924.504084644885,546,45,3,Poor,0
43,48097.82753145467,9735.174607998466,793,27,2,Excellent,0
31,61239.536260962544,16038.24667702046,382,55,4,Poor,0
69,39240.68075065883,20299.702780295756,485,51,3,Poor,1
54,74854.82704557163,5602.1968599498905,551,29,0,Poor,0
52,26893.71992166445,9054.635670980762,654,45,3,Fair,1
52,29216.22370275967,15924.066353820926,509,36,4,Poor,1
62,71664.67375568517,17302.09864720024,746,56,3,Excellent,0
56,10852.37310525649,18690.401874548254,759,17,2,Excellent,1
31,55678.53302142374,15554.44739443884,771,32,1,Excellent,0
22,48390.11006605135,17307.562025079045,669,17,1,Fair,0
20,38960.72121199955,19517.403542703403,791,43,4,Excellent,0
52,47000.90227114447,12927.70949114837,436,52,1,Poor,0
59,37287.14760365285,11957.069569967894,666,59,1,Fair,0
29,73133.83919072749,14157.466845325658,483,54,0,Poor,0
62,77067.45632542414,15997.439711387064,586,50,4,Fair,0
63,39713.93619817483,11708.63278399341,771,42,4,Excellent,0
48,54132.87316202797,13031.21341763394,674,53,1,Good,0
32,30123.85293595929,16988.508852536477,836,21,1,Excellent,0
31,66095.7823850469,15788.753905148576,810,41,1,Excellent,0
50,65705.13761964971,14073.314385921209,549,29,2,Poor,0
65,45571.066509384655,6294.653449686755,809,35,3,Excellent,0
21,50253.27587629843,14982.4600399573,372,20,2,Poor,0
69,48593.518257159936,10149.980162454787,581,42,4,Fair,0
54,25723.132494795864,19915.4135260295,659,26,0,Fair,1
42,73190.0622140019,13456.394233607462,309,15,3,Poor,0
36,38495.701416763535,10018.8397188874,510,51,0,Poor,0
45,38597.76091613119,14692.283630599755,451,20,4,Poor,0
27,47743.702183072506,21353.49792546096,304,56,4,Poor,1
48,64933.228780434176,18154.079245723096,494,20,0,Poor,0
45,41130.45177361954,16099.58575302967,582,37,0,Fair,0
29,20717.221678948332,8369.524704765718,763,15,0,Excellent,1
45,36695.02908905699,23108.000498831607,412,28,4,Poor,1
53,56362.106286184855,11891.864129820486,570,27,1,Poor,0
60,82846.25431713779,19668.919564361717,462,26,0,Poor,0
26,31101.200504402663,13373.185608242926,759,46,3,Excellent,0
23,30552.473487787563,19187.539362416195,404,16,4,Poor,0
69,27311.06748741776,21534.370479376368,581,16,2,Fair,1
64,25449.125130509885,18240.686349537667,461,31,2,Poor,1
30,68085.37190122146,18779.2747987997,650,26,3,Fair,0
48,72420.3286304657,14507.805069221838,733,29,1,Good,0
55,52666.33840370604,12830.169289635944,439,58,0,Poor,0
44,42984.30841788715,15691.493448929052,770,13,4,Excellent,0
40,76867.1568029394,13300.427471153916,431,40,0,Poor,0
55,52608.62062484757,27336.01855406246,386,24,4,Poor,1
29,66341.55064040651,10038.208567547432,482,15,2,Poor,0
56,42253.265874172765,20010.426082952046,667,53,0,Fair,0
28,50663.65781335661,17585.98417269507,428,56,3,Poor,0
43,31439.875318294307,16149.36104061969,545,21,1,Poor,0
54,59438.734578403775,22399.4304995692,677,42,3,Good,0
68,52864.066261599735,16491.887263005894,448,52,1,Poor,0
54,36581.55151379324,11825.465401287924,732,19,0,Good,0
67,36783.39275710308,16458.65188626704,768,14,0,Excellent,0
55,74239.37755008115,14084.108655473858,745,59,1,Excellent,0
37,79575.03125692725,17516.423344083243,780,57,2,Excellent,0
68,46802.96994999018,19065.36815814749,593,20,4,Fair,0
58,51016.30359143244,10704.560288179651,442,41,3,Poor,0
51,56001.71711972325,20976.68059001408,549,22,3,Poor,1
43,52220.47637239531,13725.500775657703,601,46,3,Fair,0
42,24885.534191920546,17218.06961341089,324,48,0,Poor,1
51,56418.06015785579,18085.15085160348,369,53,3,Poor,0
56,18681.66448099087,16836.94345315315,411,24,4,Poor,1
31,39009.73713113571,14454.457411737154,663,47,4,Fair,0
68,57581.40719937227,12557.01209003668,602,24,1,Fair,0
32,58999.91311887256,13655.027463483291,770,23,0,Excellent,0
42,37848.90373685765,22825.859662644387,390,48,4,Poor,1
44,43123.44589719624,10670.667814354703,829,21,2,Excellent,0
54,41092.45236502319,11403.783310185168,491,20,0,Poor,0
60,48457.33755295895,11184.255884281429,541,18,0,Poor,0
49,49598.08480046505,15678.769399588326,437,13,4,Poor,0
36,60027.021942936655,7376.472750060971,644,34,2,Fair,0
68,42246.547056653246,8232.200719328033,479,50,1,Poor,0
39,55600.942878703325,13695.22583520371,802,51,4,Excellent,0
67,57605.23646730787,8561.12277350881,502,50,2,Poor,0
44,52974.34066057798,8968.643453585992,491,32,0,Poor,0
41,46105.912663257885,8598.657953185304,304,34,2,Poor,0
32,52709.6819641316,10766.941454333357,536,40,0,Poor,0
38,61276.10410090364,18656.23253335203,610,25,4,Fair,0
68,62587.77301574468,19778.539780605413,848,37,4,Excellent,0
55,77230.59027240358,24595.00446609303,355,16,3,Poor,1
31,35149.60645540607,24411.809292567392,742,42,3,Excellent,0
60,43399.88913506896,18931.563549402235,536,36,3,Poor,0
38,25797.970095973968,20138.38837400516,496,42,4,Poor,1
31,63965.14196491783,15655.510453429592,813,31,1,Excellent,0
28,44982.3874046488,17599.324260061345,748,55,4,Excellent,0
26,53092.8647304399,24718.01524091585,659,28,2,Fair,0
47,40934.92145830041,16856.064340284152,329,56,4,Poor,0
33,45099.44007533262,20766.1928927262,407,13,4,Poor,1
50,68347.85158139988,10328.241957107444,744,36,0,Excellent,0
38,60413.50115728975,11668.806378708863,737,24,0,Good,0
66,48327.169135115815,16560.347988974838,756,50,0,Excellent,0
35,61517.20879214595,15749.658350316957,794,39,4,Excellent,0
24,61848.50120056811,11900.32906297552,546,53,1,Poor,0
54,44128.617249698975,27036.887919656096,842,17,2,Excellent,0
31,27963.80659045688,15862.97051957433,738,14,2,Good,1
44,36512.57559496941,12786.374739076691,577,46,1,Poor,0
40,29892.070949262245,15758.09413680315,410,29,1,Poor,1
55,67466.51968989361,15127.133513058174,684,22,2,Good,0
42,70071.72824671521,15939.012739455442,490,31,3,Poor,0
35,73795.60820238525,7031.414923244835,789,16,0,Excellent,0
58,19706.66676534247,21459.73348283433,725,30,0,Good,1
64,66071.01365560581,21744.14710219575,704,33,2,Good,0
61,83182.86964077028,22351.60386018243,634,30,1,Fair,0
58,66679.81570715967,16627.15879268149,508,58,3,Poor,0
33,17731.555731939956,18312.40530082258,321,27,2,Poor,1
50,76524.47462595158,10668.86525996375,507,35,0,Poor,0
24,50625.33555697912,19164.49664298695,307,52,4,Poor,0
54,46514.01340249293,16258.938534469697,828,15,1,Excellent,0
42,56766.42944874468,12697.966921803789,465,26,4,Poor,0
48,34264.8961614427,19323.7234582042,795,36,2,Excellent,0
62,50041.73556382368,19517.245180455506,728,55,0,Good,0
30,74306.4446765611,15303.044178374665,462,46,3,Poor,0
37,59335.95305784932,17191.912900642015,665,25,4,Fair,0
66,50876.02208154002,9841.414940332195,825,30,3,Excellent,0
31,51344.12239891413,21215.91718607179,538,49,0,Poor,1
28,32279.09025051798,10505.934059825491,371,47,4,Poor,0
29,47750.18162900412,11472.87175960412,744,18,3,Excellent,0
63,25485.569965553488,15311.578227152684,808,41,3,Excellent,1
36,65336.61428590716,20572.581421092294,568,30,4,Poor,1
57,17214.342762869863,20569.743166078304,714,36,0,Good,1
26,62823.50569431065,14975.876890474348,544,27,3,Poor,0
65,64691.16351251093,18865.06681126906,359,58,2,Poor,0
32,69781.46923590792,6554.70775335552,305,51,4,Poor,0
59,51302.88744742704,11403.400049352236,706,19,1,Good,0
61,63749.42699236293,11505.247802681995,516,29,1,Poor,0
28,47603.80039452176,21261.064548799088,325,39,0,Poor,1
69,32199.543234681,18273.27081454004,304,27,2,Poor,0
46,72960.98588806993,15923.263879523003,831,30,3,Excellent,0
21,48546.71255577388,16408.67531914687,689,53,1,Good,0
24,28857.33023790209,22841.69638015062,747,28,0,Excellent,1
48,42997.77581315327,14149.101667467245,445,56,2,Poor,0
56,43590.12976147743,8429.663457329802,687,24,2,Good,0
57,56925.453771863184,20435.97592197652,548,18,0,Poor,1
38,85205.71225059096,15909.195186025305,825,38,0,Excellent,0
27,57836.27919923848,19768.358390828904,761,21,3,Excellent,0
67,53102.65777994788,14776.175963067462,312,45,0,Poor,0
64,86836.64299343832,10806.552381480536,683,47,3,Good,0
20,64683.40309869088,17014.108605414884,698,36,3,Good,0
41,53813.73806202393,15050.875353707152,318,17,4,Poor,0
36,42808.822117728574,15924.711414372046,790,35,2,Excellent,0
26,54743.00114306841,23082.85247058708,718,29,2,Good,0
44,49004.14393860295,9506.487613076495,636,34,2,Fair,0
64,51371.511913384944,16429.59330237991,718,17,4,Good,0
23,69716.03637154208,10905.016549206615,421,40,3,Poor,0
55,41895.16725293768,2047.2701343997103,731,36,3,Good,0
25,57703.1106224527,14755.17405488888,343,28,0,Poor,0
50,64234.09984756391,15155.114684999036,616,57,4,Fair,0
38,40068.31224763386,18117.610514753796,680,35,0,Good,0
63,37660.678767663485,13912.29625708028,444,22,4,Poor,0
58,47744.87116128645,7554.9982243801405,626,37,0,Fair,0
46,43075.55614615309,10887.842113725685,662,45,1,Fair,0
29,67284.98913112257,21584.79418343352,349,39,2,Poor,1
45,34973.475821530184,10816.860353546845,364,14,2,Poor,0
38,51027.07052793005,22916.12764846253,654,22,3,Fair,0
58,88190.72500106713,20249.92146285692,463,49,1,Poor,1
22,56195.84800679274,13411.096978319652,440,25,2,Poor,0
64,58689.35216457328,11354.604184486505,427,37,3,Poor,0
32,67410.23743545687,20239.56484565289,697,59,1,Good,0
69,43055.76401861961,13795.4437745319,762,32,2,Excellent,0
47,33778.70556881894,7271.749301500207,486,50,0,Poor,0
39,52647.66914244117,17811.58310311629,489,41,4,Poor,0
47,53981.05742522806,17086.31723929093,687,19,1,Good,0
27,25726.838079302583,20688.53101357389,728,31,3,Good,1
60,55626.07872024167,16747.974996801484,583,59,1,Fair,0
58,66047.75748051559,12254.265114771411,536,43,3,Poor,0
20,36305.77890463986,21348.39419801067,493,33,1,Poor,1
22,56533.3377256222,21834.952163394217,586,18,3,Fair,1
32,63383.95490555201,16166.029819926038,435,20,2,Poor,0
47,58800.1731279512,15301.609572664862,470,56,0,Poor,0
68,60215.09358112336,8383.644884474474,458,12,2,Poor,0
44,46327.99637290548,11962.368288267618,500,40,0,Poor,0
52,33087.43493389106,18803.848209796768,786,19,2,Excellent,0
57,43292.80306424131,12213.598498186497,803,15,2,Excellent,0
25,41209.143471940624,7715.810653033387,670,46,1,Good,0
63,48796.11430688681,32479.38894800049,402,14,4,Poor,1
64,66399.06358189895,7682.970207866558,424,56,3,Poor,0
51,30322.39807753747,26283.756982170587,612,51,3,Fair,0
64,52163.750342260864,13462.8827770087,757,18,3,Excellent,0
66,34048.97531723221,14577.18500428096,529,38,0,Poor,0
40,38899.29623265843,11638.608639062006,496,12,3,Poor,0
35,58381.11128917763,18914.185823689462,722,38,3,Good,0
40,32150.82419951451,7801.128934449578,470,27,1,Poor,0
30,61013.66434554468,5798.354818829141,681,49,2,Good,0
56,29717.53330062913,23050.857646893037,472,18,3,Poor,1
55,60004.7060515724,10980.138005965113,752,55,4,Excellent,0
54,26757.03095632232,18730.44059769842,649,34,3,Fair,1
38,40732.80981115077,9572.71961551892,793,52,0,Excellent,0
39,78447.41574694341,18542.10521447291,303,22,0,Poor,0
37,75628.1955465033,23417.73249389225,392,53,0,Poor,1
66,43812.13021224282,12364.393072924418,305,44,3,Poor,0
60,55849.40879044852,5332.794466070094,587,47,1,Fair,0
68,68061.02028327326,23443.969566549524,445,48,4,Poor,1
33,60219.44261630707,19631.22160762446,723,52,3,Good,0
34,45898.03630317764,12632.14383114346,756,28,1,Excellent,0
50,38770.470289455,13910.23973365677,501,46,1,Poor,0
20,63021.54714436895,9446.73901875157,511,59,3,Poor,0
22,66960.54962921752,22101.2846622098,305,16,3,Poor,1
35,75735.52751591582,12326.421960946776,675,59,1,Good,0
42,24691.258648203933,7906.457312262632,746,43,1,Excellent,1
30,31203.128176984213,16068.229407562358,405,14,1,Poor,0
31,67428.8540322062,10699.9331921073,700,58,3,Good,0
29,26727.04179874735,9849.92712068446,395,46,1,Poor,1
51,68578.24932367899,12849.503981190272,687,25,0,Good,0
35,46776.01241021912,15431.776577501854,751,59,3,Excellent,0
27,42186.29270994973,8094.4512204262655,715,42,0,Good,0
57,53081.42894407204,21925.74462606162,803,42,2,Excellent,0
31,29819.47321646752,18385.798560328934,753,28,3,Excellent,1
43,62360.22245897527,13173.185046136345,590,35,2,Fair,0
47,75344.55496542045,10483.28256851501,833,34,1,Excellent,0
27,63058.64323721362,14553.87273541668,492,29,1,Poor,0
47,46302.369611687885,19497.17520377861,449,25,4,Poor,0
55,26929.464383518385,18722.9201359984,814,26,1,Excellent,1
45,27506.188156956006,20292.52150225589,692,26,2,Good,1
27,30055.350466410386,12598.112545098393,615,17,1,Fair,0
69,49815.82584331524,375.3741040166151,375,38,3,Poor,0
47,51701.000949089066,21239.055989581237,569,26,1,Poor,1
47,63026.65266111493,14164.01928463824,524,47,4,Poor,0
56,23059.565202753867,18330.83032735831,829,19,1,Excellent,1
60,69668.153455886,23346.14377320151,412,26,2,Poor,1
55,60416.09478418057,27172.043166188407,550,14,2,Poor,1
46,45097.45560406797,11750.892609295895,532,58,1,Poor,0
36,32153.576874018498,15669.799535828222,382,24,2,Poor,0
28,68737.10962536678,21834.182303027228,424,52,2,Poor,1
52,45498.59058143924,10778.604907385024,474,45,4,Poor,0
39,49699.71650983357,12089.44203104786,368,35,3,Poor,0
32,55754.17956181898,12059.807107705625,346,51,4,Poor,0
47,36302.01641327583,14859.54843295989,555,43,0,Poor,0
67,45767.29131462127,13899.38159855015,329,43,4,Poor,0
48,62979.7535303057,12031.02338871838,580,41,1,Fair,0
32,61461.441177444125,10171.212921968705,536,24,3,Poor,0
65,61596.608100428566,19059.70164197646,547,12,1,Poor,0
54,32672.303732893524,21689.155104830585,667,45,0,Fair,0
25,46451.29473906288,22413.573970862075,794,26,3,Excellent,0
37,44054.09247428292,12594.63221307758,324,55,2,Poor,0
24,56377.68263412052,19268.623361286387,789,25,4,Excellent,0
66,55034.86984473347,16181.629513638878,793,40,1,Excellent,0
44,52331.40996114405,12146.643256933374,613,45,0,Fair,0
21,86986.00933129893,18671.09109354098,674,29,2,Good,0
29,45637.90879783944,11916.974729772515,324,18,4,Poor,0
49,43882.65370897183,13119.116986091558,633,40,2,Fair,0
69,32648.75494495916,8116.351487481851,654,42,4,Fair,0
64,26932.29011106694,12678.894512833873,415,36,3,Poor,1
24,31695.23934176337,16269.306045072924,347,49,2,Poor,0
52,39219.77111835081,22844.67247838748,398,25,2,Poor,1
20,69651.09641656779,13232.522768991566,758,19,2,Excellent,0
37,50587.458565427885,9809.154264565332,822,38,3,Excellent,0
51,52899.960004291,22486.844854670624,704,13,0,Good,0
66,48555.90037696855,12477.237814578912,513,28,4,Poor,0
68,55479.51489532683,6258.091719295675,802,48,2,Excellent,0
30,71031.08220826765,15665.46867568392,747,25,3,Excellent,0
40,20091.03745597946,13376.132633604124,557,36,0,Poor,1
45,68275.05973378071,26501.978213425857,420,41,4,Poor,1
44,12274.4232119749,17376.83017173606,353,40,3,Poor,1
41,50423.04067282892,14268.28823172582,630,31,4,Fair,0
46,82878.61032116623,10377.513953721984,540,32,2,Poor,0
68,60209.86909297316,16650.834205964835,829,33,0,Excellent,0
32,55595.884029809546,22283.54975030897,782,46,3,Excellent,0
52,80029.1895020446,16559.070917386303,486,48,0,Poor,0
53,39454.056529982845,10762.85153941027,561,27,2,Poor,0
60,56509.51133697572,17694.03105875977,663,54,0,Fair,0
54,58671.7564621084,14756.965525635922,790,28,0,Excellent,0
20,42163.96798659462,17243.06551659081,730,27,1,Good,0
40,43488.347307560296,13225.963249078895,538,13,0,Poor,0
67,41843.3085016499,13108.52362869394,603,15,4,Fair,0
25,51309.724610128455,12911.101012841102,597,32,3,Fair,0
47,58200.3740865697,19711.19075748681,375,50,1,Poor,0
36,51848.454093719934,13158.873623794543,632,45,3,Fair,0
24,60641.92726144783,12701.346343128866,773,41,3,Excellent,0
50,20462.79071039679,10289.670492188168,582,17,2,Fair,1
24,46726.23254385745,17270.069008583836,371,28,2,Poor,0
57,34648.710344740306,16558.509010656093,562,50,1,Poor,0
22,54525.83769024348,12756.158877556843,311,36,2,Poor,0
42,54303.76143008485,11453.106462210695,440,16,2,Poor,0
56,48265.66827563817,24380.86706613856,316,16,2,Poor,1
56,57654.18515798107,5597.78472437581,362,31,3,Poor,0
29,64967.190773960414,17465.860016008606,552,27,1,Poor,0
29,49092.19216540537,21457.01774108004,764,52,3,Excellent,0
38,34224.57667850447,-1934.068807441501,675,48,4,Good,0
36,26281.136436207787,18970.700300380897,819,51,3,Excellent,1
40,50541.652629951925,13898.72699251956,389,20,4,Poor,0
33,53628.00052270312,16280.274321416297,474,16,0,Poor,0
28,35457.141657200315,13383.81017738955,375,53,0,Poor,0
65,60886.50234744549,20376.967228230384,699,13,4,Good,0
20,43115.6467126314,16815.596708356785,370,20,4,Poor,0
64,25153.507022432743,15658.59944767158,479,54,3,Poor,1
32,68846.54513517785,10505.696965207037,423,47,4,Poor,0
23,67159.81878803245,24411.461169170943,680,33,1,Good,0
20,19766.00845005353,15049.655098666355,592,33,0,Fair,1
68,41560.99577519461,26449.02898730229,494,33,0,Poor,1
59,40976.244778785855,24637.84692589097,527,45,4,Poor,1
51,74592.32989126255,6108.245163673097,730,40,2,Good,0
53,48510.609349375154,11725.270195986548,735,49,2,Good,0
47,27561.827029168737,9815.244970125292,760,57,4,Excellent,1
50,63231.57173361318,14758.969592564688,320,44,1,Poor,0
27,31538.366813508783,15935.82010243081,363,29,2,Poor,0
58,46094.89263917358,16149.632339467153,464,18,4,Poor,0
45,38453.46683178685,20270.64338009489,326,12,1,Poor,1
53,41593.1735258009,22467.913846544347,610,44,1,Fair,0
22,64058.87134345909,19837.438746193195,584,12,3,Fair,0
69,72819.95241998248,12195.323928881266,580,35,1,Fair,0
31,30884.468804309323,11089.880674462802,463,15,2,Poor,0
20,59391.146382617255,15013.809179419684,523,15,2,Poor,0
63,39008.69555465006,17130.59763202331,445,29,4,Poor,0
24,39474.92134963887,14084.043271414388,329,38,4,Poor,0
49,57359.54332134072,8272.57581873889,344,54,1,Poor,0
49,34581.45851429457,18410.297542884004,770,43,0,Excellent,0
36,57059.03901162568,13038.426156330484,333,44,3,Poor,0
67,60951.70034764602,12887.436327889784,726,39,0,Good,0
66,43512.01607451472,14726.936629709537,520,53,1,Poor,0
42,69906.171530205,13800.505414599196,833,52,1,Excellent,0
34,30907.6308190774,13167.494722439493,666,47,0,Fair,0
56,70181.09285917509,8599.373465334053,849,17,3,Excellent,0
40,20840.18855772301,14438.762665241706,415,27,0,Poor,1
33,90495.71210629265,18514.76895953434,538,45,4,Poor,0
21,43906.966420672514,16323.220025606444,634,34,2,Fair,0
30,32565.392654185733,19740.607195503224,740,53,4,Excellent,0
58,46509.92137220002,11357.274888399968,447,35,2,Poor,0
57,34302.83086063358,8609.707604410993,308,24,1,Poor,0
53,55804.47948281813,13770.750105110015,587,29,3,Fair,0
57,70514.8599720522,11928.816907256514,687,24,0,Good,0
69,35098.15660914984,12448.32508396126,349,48,3,Poor,0
53,58690.98858761005,16058.748590405636,816,54,0,Excellent,0
37,27008.96946656361,12484.597304476723,577,50,4,Poor,1
49,65494.32099842919,8749.657553968029,599,53,4,Fair,0
34,56243.545503913934,12205.026360590007,434,28,0,Poor,0
46,66142.7498199548,16700.29683430401,446,26,3,Poor,0
53,48164.79646038342,18357.403005034583,789,29,0,Excellent,0
57,43472.65103217872,18307.11392041673,777,34,1,Excellent,0
52,62241.76154086,17122.365471239547,458,41,4,Poor,0
43,30379.272176623723,14159.532670173778,683,45,1,Good,0
34,23857.63502399637,17024.570494795647,462,15,4,Poor,1
49,49925.57023939943,14788.321709008816,740,14,4,Excellent,0
61,44156.05089711811,15565.480689101189,488,18,2,Poor,0
36,58307.49997672319,10303.3663106703,714,29,1,Good,0
24,66373.27136470996,15219.374818803575,638,53,1,Fair,0
48,57995.21118726709,16893.331171257058,480,18,2,Poor,0
23,65178.54967740118,16705.636567198544,587,51,3,Fair,0
29,54815.78499998246,8562.404869703507,486,17,1,Poor,0
36,57418.93622481648,15481.303882016911,437,33,0,Poor,0
29,48250.14185251594,7780.552112680433,429,12,2,Poor,0
36,56975.68191522773,15868.38323069263,493,15,1,Poor,0
39,52499.7924284527,11493.31404198643,615,57,3,Fair,0
43,54877.65194793596,23528.214712627225,443,54,1,Poor,1
24,47499.13950369741,15596.21664647945,315,40,4,Poor,0
53,62133.93800706948,19005.820099119614,601,32,0,Fair,0
25,39343.21175247573,25554.3631851214,722,37,2,Good,0
21,49724.7646864384,10912.990944556395,544,25,4,Poor,0
32,69676.75850311364,17178.374554529557,406,20,3,Poor,0
62,35769.17265618312,9070.44495383577,387,58,4,Poor,0
62,17572.31807371054,16724.485041249594,428,23,4,Poor,1
67,55496.85749446958,23828.54633225201,640,53,3,Fair,0
30,46145.68264469751,11860.583927791053,303,17,4,Poor,0
66,65162.93360557759,10570.22843352702,626,31,2,Fair,0
42,48042.273801545096,14544.128832407185,709,35,1,Good,0
35,40934.913926550325,25229.086440441428,605,38,4,Fair,0
50,48862.7390627268,18855.19459976628,524,49,2,Poor,0
30,66396.02879919816,10475.426739719947,647,19,1,Fair,0
35,58630.54440788563,22275.30291240885,620,12,1,Fair,0
27,13491.46615177948,6724.685038334066,480,35,4,Poor,1
23,52786.51238130157,25682.795644013622,685,58,2,Good,0
59,53536.431986021074,19282.253400075795,407,18,4,Poor,0
23,49726.25052199221,23817.787200033592,830,30,3,Excellent,0
44,40836.65162647116,6761.009458079825,709,33,1,Good,0
22,67917.97811759666,15847.209154298433,595,46,4,Fair,0
51,68660.50922202293,14330.55536717142,470,41,1,Poor,0
22,16952.59308761207,9965.102632766797,630,40,2,Fair,1
46,38030.60783387833,8519.881898743039,792,33,0,Excellent,0
48,47829.0402307142,17535.406293797743,494,22,4,Poor,0
51,64227.623055750046,17988.658540568118,311,31,4,Poor,0
69,50522.793145876494,21499.870233628764,494,40,1,Poor,1
38,39746.09299752615,12482.894733365843,789,52,2,Excellent,0
40,60643.00365961062,14291.95094922095,481,53,3,Poor,0
24,46829.95871673511,8087.700375269541,615,45,2,Fair,0
37,48238.9871126756,22703.929059973743,329,12,4,Poor,1
47,49592.62349893885,15347.740438786215,395,42,3,Poor,0
61,58614.62661257726,18612.94250810053,680,41,2,Good,0
41,45371.75597489319,18789.52698055506,743,59,0,Excellent,0
40,60304.19738970833,22295.53578650989,597,29,1,Fair,1
25,48903.96547389391,10843.002663662734,660,28,2,Fair,0
20,33994.75120373186,18487.93300173589,673,49,2,Good,0
24,49448.35541456828,14874.956468454791,602,25,0,Fair,0
60,34771.79895282177,25528.385331703157,720,34,4,Good,0
31,50614.80184663913,10828.179105019915,545,36,1,Poor,0
45,62442.108938472,20857.13173881936,536,26,2,Poor,1
65,33895.56490996828,16751.708896141983,833,57,3,Excellent,0
53,55464.10108706658,16489.280471030106,484,33,2,Poor,0
68,37564.43812470188,15270.103630237449,767,14,1,Excellent,0
33,53025.50839874821,21733.329114183936,662,30,2,Fair,0
45,62903.06363030726,16319.258505369671,582,55,0,Fair,0
64,18057.30388834938,7377.923309395114,635,45,2,Fair,1
46,33282.862596929815,21097.517843561225,461,46,2,Poor,1
28,44465.30832335117,20181.00916065861,459,12,3,Poor,1
45,54725.60733772423,17935.68842106424,773,32,0,Excellent,0
66,47504.25005962514,9357.631851262267,621,40,0,Fair,0
41,49311.78827028622,10134.4231988934,311,17,2,Poor,0
66,80644.76788026885,5612.785573819456,723,48,3,Good,0
49,31813.140817261585,17301.64936589907,372,12,2,Poor,0
62,67032.27524544156,8252.255759128151,500,12,2,Poor,0
67,44750.32809268375,6406.245535689177,821,38,1,Excellent,0
36,58242.121887481015,21374.94559650022,804,32,1,Excellent,0
45,81934.198336184,18840.897822314237,338,27,3,Poor,0
55,60330.170355281385,13334.141675845363,359,55,4,Poor,0
20,55587.43564685,14329.767083714023,620,51,1,Fair,0
27,73986.83502724062,2963.2789650802897,734,37,4,Good,0
68,66871.97966889787,19583.724595296106,707,27,0,Good,0
54,38009.08885757846,11536.34267755658,685,39,1,Good,0
34,54417.87113680784,16651.454315665706,377,12,1,Poor,0
66,24237.563987888607,2557.18869104258,493,47,3,Poor,1
41,41897.69917438623,19887.84016080773,584,21,4,Fair,0
33,54710.79451399789,11235.77615307138,826,54,1,Excellent,0
45,40968.41970828112,8119.788681053228,823,28,1,Excellent,0
47,54100.50118957887,13301.991827558164,455,34,3,Poor,0
42,49799.23076520442,12018.023910322576,639,18,3,Fair,0
33,58046.25098592564,20371.33806454933,424,55,4,Poor,1
43,43637.01466957833,12898.024388191863,579,18,0,Poor,0
21,35897.7662834493,21813.08513306684,427,55,0,Poor,1
64,72171.90239259892,16650.713078945366,613,26,2,Fair,0
45,42564.54885965083,19471.839436061877,631,45,1,Fair,0
33,59900.15889675677,14989.167733860568,449,57,4,Poor,0
26,71528.70539708804,21360.294911699417,753,56,1,Excellent,0
22,52440.04998496298,9231.88004858662,335,15,4,Poor,0
66,37155.40145835276,15568.122287471637,719,25,4,Good,0
42,47320.85038178983,13017.820852842926,321,25,4,Poor,0
65,65263.11374910129,21983.14239753656,505,27,1,Poor,1
62,53093.71318606794,22495.172023297127,655,18,3,Fair,0
66,31922.873116935847,15002.106296185591,739,43,1,Good,0
64,58949.657503005685,8542.444494520974,395,30,4,Poor,0
37,61542.97203576498,17135.486583958336,463,13,2,Poor,0
57,44670.32170823099,6676.951324831167,447,21,0,Poor,0
54,59153.66563407119,23130.71399391556,829,28,4,Excellent,0
34,53675.27893190701,12634.149646819807,593,48,2,Fair,0
44,47038.55692036941,14847.149182912524,494,23,3,Poor,0
56,30596.963846095045,11595.24462096623,779,17,4,Excellent,0
47,66169.30842658636,10491.092066495898,422,33,2,Poor,0
29,61388.164998797496,18686.45658273526,699,43,4,Good,0
58,58758.29441562969,14206.916614743392,751,52,1,Excellent,0
36,73167.8900551714,15212.412694615876,403,31,2,Poor,0
58,64177.90590520391,9980.544603905804,761,12,1,Excellent,0
41,60298.49009227344,19280.2961174852,695,58,1,Good,0
45,16801.589779597532,19788.948675684333,636,17,2,Fair,1
63,67953.42427703623,13955.357565602111,441,30,0,Poor,0
44,51246.20771423076,21339.610666659435,616,29,2,Fair,0
36,54687.37520385708,14479.379228877388,826,17,0,Excellent,0
32,54789.99784540079,18898.777481444104,700,56,4,Good,0
39,61607.49115463419,6885.362095849512,609,44,4,Fair,0
44,66832.62543202528,16767.154332432063,794,34,2,Excellent,0
23,59513.61714588833,13642.592661965326,408,34,4,Poor,0
29,57129.28383979837,15777.61212977498,671,37,3,Good,0
22,53472.69108943357,15553.41202827913,505,24,1,Poor,0
60,-274.15775357017264,15628.49911088492,342,18,1,Poor,1
64,45686.13470824718,18078.50364681277,544,26,0,Poor,0
37,35876.157239740314,12174.131841970106,586,55,4,Fair,0
66,68161.09308408629,17845.396297678217,654,38,0,Fair,0
55,59285.5579742944,21162.624415589533,775,37,1,Excellent,0
66,43127.94519179399,7949.294975098383,382,44,1,Poor,0
41,44634.24226596134,11097.299508853372,409,26,4,Poor,0
53,44090.27955046368,11307.322872494067,489,47,3,Poor,0
66,43822.60768521621,9539.771002745205,550,56,3,Poor,0
27,28331.63834712804,12626.511151814706,590,38,4,Fair,1
59,25080.807600833483,20165.592576999203,500,16,4,Poor,1
68,50435.70158572616,22237.93462256214,625,13,0,Fair,0
63,66129.71209039033,15530.87484873251,810,44,4,Excellent,0
38,41934.65453858206,13378.819945758998,708,27,3,Good,0
61,54551.67126386068,19014.6198454033,807,34,4,Excellent,0
60,61013.91375765088,3180.1575287391006,371,49,0,Poor,0
56,35099.32691624215,9724.10763948421,546,27,0,Poor,0
25,49700.368569201455,3391.847966500424,643,25,0,Fair,0
45,40002.19278089728,9671.501413222792,353,40,0,Poor,0
53,74091.7923774694,11164.91236549,827,37,2,Excellent,0
64,73436.89260293171,22388.40938968839,831,46,4,Excellent,0
25,35114.85740187724,1194.6901692200518,492,26,1,Poor,0
56,55788.265746264886,12916.48699882833,357,14,4,Poor,0
